id,phase,area,title,depends_on,done_when,status,owner
P0-01,P0,Setup,Create the a-studio GitHub repo from this kit and enable Actions,,Repo public; CI runs on push,Done,
P0-02,P0,Setup,Run scripts/bootstrap.sh and pin upstream commits in upstream.lock,P0-01,upstream.lock committed,Done,
P0-03,P0,Setup,Run scripts/baseline.sh on Windows (GitHub Actions); record build times and test counts,P0-02,docs/baseline.md filled for Windows,Done,
P0-04,P0,Rebrand,Delete docs/brand from both upstream trees,P0-02,rebrand scan shows no brand files,Done,
P0-05,P0,Rebrand,"Replace app ids ai.storyteller.* with the A-Studio id in packaging, desktop, metainfo, Flatpak, plist, Windows resources",P0-02,grep finds no ai.storyteller in shipped files,Done,
P0-06,P0,Rebrand,"Change ArtCraft text and links in ui-egui menus, panels, links, community, about, help",P0-02,rebrand scan --shipped clean,Done,
P0-07,P0,Assets,Draw the A-Studio app icon master (SVG 1024),,"Icon reviewed at 16, 32, 512 px",Done,
P0-08,P0,Assets,"Export icon sets: ico, 1024 PNG, web icons, .astudio document icon (Windows only, D7)",P0-07,All sizes in assets/app-icon with ASSETS.md rows,Done,
P0-09,P0,Legal,Write NOTICE and ASSETS.md for A-Studio; keep upstream copyright lines,P0-04,cargo xtask assets passes,Done,
P0-10,P0,CI,"Make ci.yml green: fmt, clippy, tests, layers, wasm, cargo deny",P0-02,All gates green on main,Done,
P1-01,P1,Prototype,Add LayerContent::Vector holding a VectorCraft node tree to the PhotoCraft doc crate,P0-10,Compiles; unit test builds a doc with one vector layer,Done,
P1-02,P1,Prototype,"Render vector layers with vello_cpu into 256-px tiles, cached per layer revision",P1-01,Pixel diff vs VectorCraft render <= 1/255,Done,
P1-03,P1,Prototype,Save and load the vector layer inside the .pcraft manifest as a .vectorcraft v3 subtree,P1-01,Round trip test passes,Done,
P1-04,P1,Prototype,"Benchmark: 24 MP canvas, 1,000 paths, redraw one changed layer",P1-02,Result in docs/baseline.md; target < 100 ms,Done,
P1-05,P1,Decision,Go or no-go on the full merge; write D6 in docs/00-decisions.md,P1-04,Decision recorded,Done,
P2-00,P2,Core,"Fix the effects-to-plug-ins layer conflict (P1 report risk 1): astudio-plugins to L2, same-layer edges for effects and trace",P1-05,xtask layers allows effects -> plugins/pathops/text and trace -> pathops; plugins needs only L0/L1,Done,
P2-01,P2,Core,Create astudio-geom from vc geom (kurbo) + pc geom pixel types and warp,P1-05,Both apps build against it,Done,
P2-02,P2,Core,"Create astudio-color: merge pc color, pc cms, vc color",P1-05,Colour tests of both repos pass,Done,
P2-03,P2,Core,"Unify the 17 crates with different versions (harfrust, skrifa, usvg, vello_cpu, ...)",P1-05,One Cargo.lock; cargo tree -d shows no avoidable duplicates,Done,
P2-13,P2,Core,"Adopt vc doc as astudio-vdoc (vector node tree, appearance, symbols, swatches; needed by astudio-text)",P2-02,vc doc tests pass in the merged workspace,Done,
P2-04,P2,Text,Adopt vc text as astudio-text,"P2-02,P2-13",vc text tests pass in the merged workspace,Done,
P2-05,P2,Text,Port PSD EngineData read/write (T1),"P2-04,P2-11,P2-16",PSD text corpus round-trips at PhotoCraft's rate,Done,
P2-06,P2,Text,Port Warp Text (T2),"P2-04,P2-16",15 warp styles match within 1/255,Done,
P2-07,P2,Text,Port optical kerning (T3),"P2-04,P2-16",Pair adjustments match PhotoCraft,Done,
P2-08,P2,Text,"Port text rasterizing into tiles (T4): pc raster.rs and render.rs over VectorCraft glyph outlines, a first PhotoCraft TextLayer to VectorCraft TextObject mapping, underline and strikethrough, faux bold and italic, warped outlines (keep render.rs's 1..256 segment clamp around Warp::max_segment)","P2-04,P2-06,P2-07,P2-16","PhotoCraft's text pixel tests pass (coverage, styles, colours, depths, warp, vertical ink); Warp Text (all 15 styles) renders within 1/255 of PhotoCraft for the same glyph outlines",Done,
P2-09,P2,Text,Port spell check with SCOWL list (T5),"P2-04,P2-16",The checker and the SCOWL list are in A-Studio and PhotoCraft's spell tests pass (the Check Spelling command is P3-02),Done,
P2-10,P2,Text,"Retire parley; golden paragraphs in Latin, Arabic, Japanese vertical","P2-05,P2-06,P2-07,P2-08,P2-09,P2-17,P2-18",parley gone from Cargo.lock,Done,
P2-11,P2,Codecs,"Move pc codecs, heif, raw, psd under astudio names (vc importers: P2-15)",P2-01,All pc codec tests pass and every pc fuzz target runs,Done,
P2-12,P2,Core,Colour engine fast paths: matrix-shaper and fixed-point LUT conversions (docs/13-colour-engine.md),P2-02,"scripts/cms-bench as accepted in D8 (revised 9 October 2026): RGB to CMYK within 2x moxcms, CMYK to RGB about 3x, RGB to RGB about 4x; accuracy unchanged",Done,
P2-14,P2,Core,"Adopt vc pathops, brush (as astudio-vbrush), plugins, effects and render (needed by the vc importers; P3-05 later merges pc plugins in)",P2-04,vc pathops/brush/plugins/effects/render tests pass in the merged workspace,Done,
P2-15,P2,Codecs,"Move vc svg, pdf, eps, cad, metafile under astudio names; switch back on astudio-render tests/stroke_geometry.rs dotted_lines_survive_svg_export_and_render_the_same (#[cfg(any())], P2-14)",P2-14,All vc importer tests pass and every importer fuzz target runs,Done,
P2-16,P2,Core,"Port pc raster and pc doc to astudio-raster and astudio-doc (tiles, layer stack, text-layer model the PSD text and Warp Text ports need; the Vector layer content joins in P3-01)",P2-02,pc raster and doc tests pass in the merged workspace,Done,
P2-17,P2,Text,Optical kerning in layout: Kerning::Optical runs get astudio-text::optical pair adjustments plus size_adjust between shaping and line breaking (pc layout.rs:644-666),P2-08,"PhotoCraft's kerning tests pass (manual, optical, modes split pairs)",Done,
P2-18,P2,Text,"PhotoCraft text layers through VectorCraft's engine: close the mapping gaps (font matching by weight, italic and PostScript name; smcp small caps; ligatures with tracking; auto-leading factor; hyphenation; vertical anchor; box first baseline; OpenType features beyond VectorCraft's nine; synthetic bold and oblique when a family lacks the face (pc face.embolden / skew_deg); underline and strikethrough in vertical type; PhotoCraft's forced line break U+0003; cap the ink rectangle (render.rs MAX_PIXELS allows multi-GB buffers for absurd sizes; P2-08 review))",P2-08,Corpus text layers re-render against Photoshop's cached pixels as PhotoCraft does (geometry within tolerance for every layer PhotoCraft gets; ink IoU > 0.97 on psd_type_bounds cases),Done,
P2-19,P2,Core,"Port pc compose and gpu to astudio-compose and astudio-gpu (CPU reference compositor and wgpu compositor, text gamma for type layers); draw text layers in bands under astudio-text's 1 GiB raster cap so very large ones (over about 53 MP of ink) still draw instead of coming back empty (P2-18 review)","P2-08,P2-16","pc compose and gpu tests pass, including the text-gamma parity test (CPU and GPU text match within 1/255; skipped without a GPU adapter, as upstream)",Done,
P2-20,P2,Core,"Port pc paint, ops and algo to astudio-paint, astudio-ops and astudio-algo (brushes and painting, pixel operations and filters, selection and image algorithms; P3-02 needs them for pc's commands); bring back pc compose's benchmark (benches/, criterion), left out in P2-19 because it needs paint",P2-19,"pc paint, ops and algo tests pass; the compose benchmark builds",Done,
P3-01,P3,Document,"Merge documents: pc layer stack + vector layers + vc artboards, swatches, styles","P2-11,P2-15",Both apps' document tests pass on the merged model,Done,
P3-02,P3,Engine,"Merge the two command registries ported in P3-15 and P3-16 into one; merge command registries; prefix clashing ids pixel. and vector.; includes pc type commands (type.warpText, type_extra_cmds.rs) and Edit > Check Spelling over both modes (astudio-text::spell, P2-09): pc engine type_spell_cmds.rs (edit.checkSpelling list, change, changeAll, addToDictionary, removeFromDictionary, suggest) and the userDictionary preference (prefs.rs); cap or defer suggestions so a layer with thousands of flagged words cannot stall the UI; switch back on the render tests parked for the engine (astudio-render tests/gradient_text.rs, golden.rs text_renders_ink_inside_its_bounds, marked #[cfg(any())], P2-14); and the importer tests P2-15 parked for engine sessions (astudio-eps src/tests.rs a_rich_document_is_well_formed_at_both_levels, astudio-svg tests/prop_svg.rs random_documents_export_and_reimport and rich_fixture_exports_with_all_options, #[cfg(any())]); commands validate and cap the size, scale, radius and count parameters they pass to astudio-algo and astudio-paint, whose image code indexes and allocates from them unchecked (P2-20 review), covered by the command-sweep fuzz with extreme values; also cap the point and dab lists commands pass to astudio-tools (liquify::apply_stroke and dabs, draw2::catmull_rom take lists of any length; P3-11 review)","P3-15,P3-16",CLI lists all commands; command sweep fuzz passes,Not started,
P3-03,P3,Engine,"One undo history across tiles and node trees; vector layers' history is whole-Document snapshots, not VectorCraft's own undo: a layer brought back by VectorCraft's history would come back as a new layer (P3-01 review)",P3-01,Undo/redo property test passes,Done,
P3-04,P3,Engine,One MCP server and control channel,P3-02,MCP lists both command sets,Not started,
P3-05,P3,Plug-ins,"One wasmi plug-in host with filter and live-effect entry points; rebuild the example plug-in (crates/plugins/example, tests/fixtures/desaturate.wasm) under an A-Studio id and write the docs/plugins.md it points to (P2-14 kept the upstream bytes); includes PhotoCraft's filter entry point (pc plugins apply.rs: band-wise apply onto surfaces, manifest area and overlap), which the pc engine's plugin commands need",P2-16,Both upstream example plug-ins load,Not started,
P3-06,P3,Rebrand,"Rename upstream app names in built-in colour profile and palette names ('(Photocraft)', 'VectorCraft Generic CMYK'), keeping the old names as aliases so existing files still match (docs/13-colour-engine.md); also the upstream app names in user-visible messages and in what A-Studio writes (PDF Creator/Producer and editing-data description, the ""VectorCraft Default"" PDF preset, EPS %%Creator and %VectorCraft_BeginData markers, EMF description, the PostScript `product`, the native swatch format name), reading the old markers still (P2-15); also the `.vectorcraft` writer's older-version format name `drawcraft` (astudio-format vectorcraft.rs) and the PhotoCraft names astudio-format writes (P3-12); the `.vectorcraft` writer's ""generator"": ""VectorCraft <version>"" (write ""A-Studio <version>""; readers never depend on it) and its user-visible errors (""not a VectorCraft file"", ""newer than this VectorCraft supports"", ""VectorCraft writes versions…"") (P3-12 clean-room audit)",P2-02,Exports name A-Studio; old files open with the same colours,Not started,
P3-07,P3,Document,"Depth limit for vector node trees: Group, paste, import and scripts refuse nesting deeper than a limit the file format can reopen (serde_json stops near 40 node levels); tree walks and drop stay within the stack (P2-13 review); include astudio-render draw_node/draw_children and the astudio-effects group walks (no depth limit yet, P2-14 review); on the web the EPS interpreter runs on the caller's stack (Windows gives it a 64 MB thread, P2-15): a smaller MAX_DEPTH on wasm or a larger wasm stack in the web build; also the node walks of astudio-doc's vector layers (vlayer.rs: id renewal, max_id, Document::vector_view; P3-01 review); also astudio-tools distort/perspective.rs attached_roots::visit, which recurses over the node tree (P3-11 review)",P2-13,A 10000-deep Group sequence is refused with a message; every saved file reopens,Not started,
P3-08,P3,Document,"Depth limit for PSD layer groups and astudio-doc layer trees: astudio-psd layer_tree builds one level per unclosed group divider (about 32,000 in a 1.5 MB file); counting, cloning and dropping the tree recurse, which can overflow the stack. astudio-doc (walk, reassign_ids, Clone/Drop) relies on PSD import, the engine and astudio-format enforcing MAX_GROUP_DEPTH (crates/doc/src/lib.rs:183). Cap or flatten nesting in each of those when they are ported (P2-11 and P2-16 reviews); also astudio-doc vlayer.rs insert_next_to and remove_layers, which recurse through group depth (P3-01 review)",P2-11,A PSD with 40000 nested group dividers opens with a warning; no stack overflow,Not started,
P3-09,P3,Document,"Draw vector layers into tiles for real: port the P1 prototype's renderer (proto/vlayer) onto astudio-render, drawing a Vector layer's nodes with the document's vector space (Document::vector_view) into its 256-px tile cache, redrawing only the tiles an edit touches, cached per layer revision (P3-01); cache keyed on (VectorLayer::revision, Document::vector_revision) and drawn through Document::vector_transform (P3-01)",P3-01,"Pixel diff vs VectorCraft's render <= 1/255; a one-path edit on a 24 MP canvas with 1,000 paths redraws in under 100 ms, as in P1",Not started,
P3-10,P3,Core,Port vc trace to astudio-trace (raster to vector tracing; vc engine needs it),P2-14,vc trace tests pass,Done,
P3-11,P3,Core,"Port vc tools to astudio-tools (tool state machines: pen, shapes, selection, text tools, snapping)",P2-15,vc tools tests pass,Done,
P3-12,P3,Format,"Port pc format and vc format to astudio-format: .pcraft and .vectorcraft read and write (the .astudio format is P5-01); add astudio-codecs for the preview PNG; VectorLayer's PartialEq includes revision and cache, so round-trip tests compare with those set aside, and readers never restore revisions from a file (VectorLayer::new, next_revision; P3-03 review)",P3-01,pc and vc format tests pass,Done,
P3-13,P3,Text,"PhotoCraft's text API on astudio-text for the pc engine and io: caret, hit-test, word and line helpers (byte_index, hit_char, word_boundary, line_step and the rest), split_paragraphs, the pair-kerning query, font family and face listing, and rendering a TextLayer into its cache, over astudio-text's layout",P2-18,pc text's caret and layout tests that the engine relies on pass on astudio-text,Not started,
P3-14,P3,Core,"Port pc io to astudio-io (imports and exports through astudio-format, astudio-psd and astudio-codecs)","P3-12,P3-13",pc io tests pass,Not started,
P3-15,P3,Engine,"Port pc engine to astudio-engine: PhotoCraft's commands under their own ids, its Session over the merged document (P3-01); write vector layers' transforms through VectorLayer::set_transform so the revision moves; call History::trim after every record (P3-03 review)","P3-14,P3-05",pc engine tests pass,Not started,
P3-16,P3,Engine,"Port vc engine to astudio-engine beside PhotoCraft's: VectorCraft's commands under their own ids over the merged document's vector view; engine-session fixtures in astudio-testkit; VectorCraft's own undo history gives way to astudio-ops History over whole-Document snapshots (P3-03); LayerTarget carries only layer ids: VectorCraft's undo also restores the selected objects, so add node ids to it or drop selected objects that no longer exist after an undo; VectorCraft's drag-step merging maps onto History::purge_last and set_current_label; call History::trim after every record (P3-03 review); the perspective-grid presets carry A-Studio's names since P3-11 (VectorCraft's bracketed ""[2P-Normal View]"" names still resolve): update the engine's tests_perspgrid expectations and its saved-copy naming (cmd/perspgrid.rs) to the new names; switch back on the astudio-format tests P3-12 parked for engine sessions (tests/vectorcraft_native_v3.rs: compressed_files_load, keys_from_newer_versions_round_trip, saves_down_to_older_versions, pretty_files_are_indented_like_serde_json; tests/vectorcraft_prop_format.rs: random_documents_roundtrip, compressed_and_older_saves_roundtrip, rich_document_roundtrips, load_repairs_next_id, approx_equal_documents_compare_equal, bug_f64_bit_exact_roundtrip, saved_selections_from_a_file_are_tidied; #[cfg(any())]) and drop their allow(unused_imports, dead_code)","P3-10,P3-11,P3-12,P3-15","vc engine tests pass, including its command_sweep",Not started,
P4-01,P4,UI,"Mode switch, per-mode tool sets, menus, panels; one Artboards panel for PhotoCraft's artboard groups and the vector space's artboards (P3-01 keeps both)",P3-02,Mockup Pixel and Vector screens reproduced,Not started,
P4-02,P4,UI,Per-mode shortcut sets and the shortcut editor,P4-01,No conflicts inside a mode,Not started,
P4-03,P4,UI,One Layers panel showing vector layers as expandable object trees,P4-01,Snapshot tests pass,Not started,
P4-04,P4,UI,"Lightroom-style sliders: reset on double-click, arrow nudge",P4-01,Behaviour tests pass,Not started,
P4-05,P4,UI,Merge translations; RTL layout,P4-01,All upstream languages present,Not started,
P5-01,P5,Format,"Implement .astudio v1 per docs/05-file-format.md; the manifest's one char_styles/para_styles list joins PhotoCraft's text_styles and the vector space's styles (P3-01 keeps both); a vector layer's `layers` array holds one node: a file with several opens as one layer per node, an empty array as an empty VectorCraft layer; the file's `transform` (after the spec's points × ppi / 72) is the layer's transform · Document::vector_mapping · scale(72 / ppi), and reading sets vector_mapping to the resolution scale (P3-01)",P3-01,Round trip of every corpus file,Not started,
P5-02,P5,Format,Readers for .pcraft and .vectorcraft; savers with warnings,P5-01,Old files open,Not started,
P5-03,P5,Import,"PSD in and out with vector layers as shape layers or smart objects; also port PhotoCraft's text_corpus tests that need PSD export (corpus_tysh_lossless, the file half of created_text_layer_roundtrips_through_psd; P2-05); the file half of PhotoCraft's psd_type_bounds (export, import, imported pixels not clipped, layer bounds, composite within 2/255 of the merged image; astudio-text tests/psd_type_bounds.rs has the model half, P2-18)",P5-01,307 of 309 psd-tools files render the same; text layers write back byte for byte,Not started,
P5-04,P5,Import,"SVG, PDF, .ai, EPS in and out on mixed documents",P5-01,VectorCraft corpus passes,Not started,
P6-01,P6,Features,Pixel filters as live effects on vector layers (Effect Gallery),P5-01,56 effects available,Not started,
P6-02,P6,Features,Non-destructive filters on every layer and group,P5-01,"Toggle, merge, revert work",Not started,
P6-03,P6,Features,Filter search and filter browser,P6-02,Every filter findable by name,Not started,
P6-04,P6,Features,Trace pixels to vectors and back,P5-01,Trace dialog in both modes,Not started,
P7-01,P7,Release,Signed and notarized macOS build,P6-01,Gatekeeper accepts it,Dropped,
P7-02,P7,Release,"Signed Windows MSI (x64, arm64)",P6-01,SmartScreen shows the publisher,Not started,
P7-03,P7,Release,"Linux AppImage, deb, rpm, Flatpak; FreeBSD tarball",P6-01,"Installs on Ubuntu, Fedora, FreeBSD 14",Dropped,
P7-04,P7,Release,Web build and hosting,P6-01,"Opens in Chrome, Firefox, Safari",Not started,
P7-05,P7,Legal,"Trademark search, then EUIPO filing in classes 9 and 42",,Filing receipt,Not started,
P7-06,P7,Release,Website and README with public-domain screenshots,P7-04,Site live,Not started,
P7-07,P7,Release,Version 1.0 tag and release notes,"P7-02,P7-04",Release published,Not started,
P7-08,P7,Release,"Third-party licences in release packages: every Rust dependency's full licence text (e.g. cargo-about) next to NOTICE, plus the licence texts of assets built into the program (assets/dict/LICENSE-SCOWL.txt, assets/fonts/OFL-*.txt); decide with the owner whether release builds enable HEIC (heic-rs grants no HEVC patent licence) and AVIF export (P2-11 audit)",P7-02,The Windows package holds every dependency licence text; the HEIC/AVIF choice is recorded in docs/00-decisions.md,Not started,
P8-01,P8,Layout,"Pages, master pages, frames, threaded text, styles (Layout mode)",P7-07,Mockup Layout screen works end to end,Not started,
